"","PID","ID_0","ISO","NAME_0","ID_1","NAME_1","ID_2","NAME_2","NL_NAME_2","VARNAME_2","TYPE_2","ENGTYPE_2"
"1",32950,220,"SWE","Sweden",1,"Blekinge",4,"Ronneby","","","Kommuner","Municipality"
"2",32951,220,"SWE","Sweden",1,"Blekinge",5,"Sölvesborg","","","Kommuner","Municipality"
"3",32952,220,"SWE","Sweden",2,"Dalarna",6,"Älvdalen","","","Kommuner","Municipality"
"4",32953,220,"SWE","Sweden",2,"Dalarna",7,"Avesta","","","Kommuner","Municipality"
"5",32954,220,"SWE","Sweden",2,"Dalarna",8,"Borlänge","","","Kommuner","Municipality"
"6",32955,220,"SWE","Sweden",2,"Dalarna",9,"Falun","","","Kommuner","Municipality"
"7",32956,220,"SWE","Sweden",2,"Dalarna",10,"Gagnef","","","Kommuner","Municipality"
"8",32957,220,"SWE","Sweden",2,"Dalarna",11,"Hedemora","","","Kommuner","Municipality"
"9",32958,220,"SWE","Sweden",2,"Dalarna",12,"Leksand","","","Kommuner","Municipality"
"10",32959,220,"SWE","Sweden",2,"Dalarna",13,"Ludvika","","","Kommuner","Municipality"
"11",32960,220,"SWE","Sweden",2,"Dalarna",14,"Malung","","","Kommuner","Municipality"
"12",32961,220,"SWE","Sweden",2,"Dalarna",15,"Mora","","","Kommuner","Municipality"
"13",32962,220,"SWE","Sweden",2,"Dalarna",16,"Orsa","","","Kommuner","Municipality"
"14",32963,220,"SWE","Sweden",2,"Dalarna",17,"Rättvik","","","Kommuner","Municipality"
"15",32964,220,"SWE","Sweden",2,"Dalarna",18,"Säter","","","Kommuner","Municipality"
"16",32965,220,"SWE","Sweden",2,"Dalarna",19,"Smedjebacken","","","Kommuner","Municipality"
"17",32966,220,"SWE","Sweden",2,"Dalarna",20,"Vansbro","","","Kommuner","Municipality"
"18",32967,220,"SWE","Sweden",3,"Gävleborg",21,"Bollnäs","","","Kommuner","Municipality"
"19",32968,220,"SWE","Sweden",3,"Gävleborg",22,"Gävle","","","Kommuner","Municipality"
"20",32969,220,"SWE","Sweden",3,"Gävleborg",23,"Hofors","","","Kommuner","Municipality"
"21",32970,220,"SWE","Sweden",3,"Gävleborg",24,"Hudiksvall","","","Kommuner","Municipality"
"22",32971,220,"SWE","Sweden",3,"Gävleborg",25,"Ljusdal","","","Kommuner","Municipality"
"23",32972,220,"SWE","Sweden",3,"Gävleborg",26,"Nordanstig","","","Kommuner","Municipality"
"24",32973,220,"SWE","Sweden",3,"Gävleborg",27,"Ockelbo","","","Kommuner","Municipality"
"25",32974,220,"SWE","Sweden",3,"Gävleborg",28,"Ovanåker","","","Kommuner","Municipality"
"26",33859,220,"SWE","Sweden",1,"Blekinge",1,"Karlshamn","","","Kommuner","Municipality"
"27",33860,220,"SWE","Sweden",1,"Blekinge",2,"Karlskrona","","","Kommuner","Municipality"
"28",33861,220,"SWE","Sweden",1,"Blekinge",3,"Olofström","","","Kommuner","Municipality"
"29",33862,220,"SWE","Sweden",3,"Gävleborg",29,"Sandviken","","","Kommuner","Municipality"
"30",33863,220,"SWE","Sweden",3,"Gävleborg",30,"Söderhamn","","","Kommuner","Municipality"
"31",33864,220,"SWE","Sweden",4,"Gotland",31,"Gotland","","","Kommuner","Municipality"
"32",33865,220,"SWE","Sweden",5,"Halland",32,"Falkenberg","","","Kommuner","Municipality"
"33",33866,220,"SWE","Sweden",5,"Halland",33,"Halmstad","","","Kommuner","Municipality"
"34",33867,220,"SWE","Sweden",5,"Halland",34,"Hylte","","","Kommuner","Municipality"
"35",33868,220,"SWE","Sweden",5,"Halland",35,"Kungsbacka","","","Kommuner","Municipality"
"36",33869,220,"SWE","Sweden",5,"Halland",36,"Laholm","","","Kommuner","Municipality"
"37",33870,220,"SWE","Sweden",5,"Halland",37,"Varberg","","","Kommuner","Municipality"
"38",33871,220,"SWE","Sweden",6,"Jämtland",38,"Åre","","","Kommuner","Municipality"
"39",33872,220,"SWE","Sweden",6,"Jämtland",39,"Berg","","","Kommuner","Municipality"
"40",33873,220,"SWE","Sweden",6,"Jämtland",40,"Bräcke","","","Kommuner","Municipality"
"41",33874,220,"SWE","Sweden",6,"Jämtland",41,"Härjedalen","","","Kommuner","Municipality"
"42",33875,220,"SWE","Sweden",6,"Jämtland",42,"Krokom","","","Kommuner","Municipality"
"43",33876,220,"SWE","Sweden",6,"Jämtland",43,"Östersund","","","Kommuner","Municipality"
"44",33877,220,"SWE","Sweden",6,"Jämtland",44,"Ragunda","","","Kommuner","Municipality"
"45",33878,220,"SWE","Sweden",6,"Jämtland",45,"Strömsund","","","Kommuner","Municipality"
"46",33879,220,"SWE","Sweden",7,"Jönköping",46,"Aneby","","","Kommuner","Municipality"
"47",33880,220,"SWE","Sweden",7,"Jönköping",47,"Eksjö","","","Kommuner","Municipality"
"48",33881,220,"SWE","Sweden",7,"Jönköping",48,"Gislaved","","","Kommuner","Municipality"
"49",33882,220,"SWE","Sweden",7,"Jönköping",49,"Gnosjö","","","Kommuner","Municipality"
"50",33883,220,"SWE","Sweden",7,"Jönköping",50,"Jönköping","","","Kommuner","Municipality"
"51",33884,220,"SWE","Sweden",7,"Jönköping",51,"Nässjö","","","Kommuner","Municipality"
"52",33885,220,"SWE","Sweden",7,"Jönköping",52,"Sävsjö","","","Kommuner","Municipality"
"53",33886,220,"SWE","Sweden",7,"Jönköping",53,"Tranås","","","Kommuner","Municipality"
"54",33887,220,"SWE","Sweden",7,"Jönköping",54,"Vaggeryd","","","Kommuner","Municipality"
"55",33888,220,"SWE","Sweden",7,"Jönköping",55,"Värnamo","","","Kommuner","Municipality"
"56",33889,220,"SWE","Sweden",7,"Jönköping",56,"Vetlanda","","","Kommuner","Municipality"
"57",33890,220,"SWE","Sweden",8,"Kalmar",57,"Borgholm","","","Kommuner","Municipality"
"58",33891,220,"SWE","Sweden",8,"Kalmar",58,"Emmaboda","","","Kommuner","Municipality"
"59",33892,220,"SWE","Sweden",8,"Kalmar",59,"Högsby","","","Kommuner","Municipality"
"60",33893,220,"SWE","Sweden",8,"Kalmar",60,"Hultsfred","","","Kommuner","Municipality"
"61",33894,220,"SWE","Sweden",8,"Kalmar",61,"Kalmar","","","Kommuner","Municipality"
"62",33895,220,"SWE","Sweden",8,"Kalmar",62,"Mönsterås","","","Kommuner","Municipality"
"63",33896,220,"SWE","Sweden",8,"Kalmar",63,"Mörbylånga","","","Kommuner","Municipality"
"64",33897,220,"SWE","Sweden",8,"Kalmar",64,"Nybro","","","Kommuner","Municipality"
"65",33898,220,"SWE","Sweden",8,"Kalmar",65,"Oskarshamn","","","Kommuner","Municipality"
"66",33899,220,"SWE","Sweden",8,"Kalmar",66,"Torsås","","","Kommuner","Municipality"
"67",33900,220,"SWE","Sweden",8,"Kalmar",67,"Västervik","","","Kommuner","Municipality"
"68",33901,220,"SWE","Sweden",8,"Kalmar",68,"Vimmerby","","","Kommuner","Municipality"
"69",33902,220,"SWE","Sweden",9,"Kronoberg",69,"Älmhult","","","Kommuner","Municipality"
"70",33903,220,"SWE","Sweden",9,"Kronoberg",70,"Alvesta","","","Kommuner","Municipality"
"71",33904,220,"SWE","Sweden",9,"Kronoberg",71,"Lessebo","","","Kommuner","Municipality"
"72",33905,220,"SWE","Sweden",9,"Kronoberg",72,"Ljungby","","","Kommuner","Municipality"
"73",33906,220,"SWE","Sweden",9,"Kronoberg",73,"Markaryd","","","Kommuner","Municipality"
"74",33907,220,"SWE","Sweden",9,"Kronoberg",74,"Tingsryd","","","Kommuner","Municipality"
"75",33908,220,"SWE","Sweden",9,"Kronoberg",75,"Uppvidinge","","","Kommuner","Municipality"
"76",33909,220,"SWE","Sweden",9,"Kronoberg",76,"Växjö","","","Kommuner","Municipality"
"77",33910,220,"SWE","Sweden",10,"Norrbotten",77,"Älvsbyn","","","Kommuner","Municipality"
"78",33911,220,"SWE","Sweden",10,"Norrbotten",78,"Arjeplog","","","Kommuner","Municipality"
"79",33912,220,"SWE","Sweden",10,"Norrbotten",79,"Arvidsjaur","","","Kommuner","Municipality"
"80",33913,220,"SWE","Sweden",10,"Norrbotten",80,"Boden","","","Kommuner","Municipality"
"81",33914,220,"SWE","Sweden",10,"Norrbotten",81,"Gällivare","","","Kommuner","Municipality"
"82",33915,220,"SWE","Sweden",10,"Norrbotten",82,"Haparanda","","","Kommuner","Municipality"
"83",33916,220,"SWE","Sweden",10,"Norrbotten",83,"Jokkmokk","","","Kommuner","Municipality"
"84",33917,220,"SWE","Sweden",10,"Norrbotten",84,"Kalix","","","Kommuner","Municipality"
"85",33918,220,"SWE","Sweden",10,"Norrbotten",85,"Kiruna","","","Kommuner","Municipality"
"86",33919,220,"SWE","Sweden",10,"Norrbotten",86,"Luleå","","","Kommuner","Municipality"
"87",33920,220,"SWE","Sweden",10,"Norrbotten",87,"Överkalix","","","Kommuner","Municipality"
"88",33921,220,"SWE","Sweden",10,"Norrbotten",88,"Övertorneå","","","Kommuner","Municipality"
"89",33922,220,"SWE","Sweden",10,"Norrbotten",89,"Pajala","","","Kommuner","Municipality"
"90",33923,220,"SWE","Sweden",10,"Norrbotten",90,"Piteå","","","Kommuner","Municipality"
"91",33924,220,"SWE","Sweden",11,"Orebro",91,"Askersund","","","Kommuner","Municipality"
"92",33925,220,"SWE","Sweden",11,"Orebro",92,"Degerfors","","","Kommuner","Municipality"
"93",33926,220,"SWE","Sweden",11,"Orebro",93,"Hällefors","","","Kommuner","Municipality"
"94",33927,220,"SWE","Sweden",11,"Orebro",94,"Hallsberg","","","Kommuner","Municipality"
"95",33928,220,"SWE","Sweden",11,"Orebro",95,"Karlskoga","","","Kommuner","Municipality"
"96",33929,220,"SWE","Sweden",11,"Orebro",96,"Kumla","","","Kommuner","Municipality"
"97",33930,220,"SWE","Sweden",11,"Orebro",97,"Laxå","","","Kommuner","Municipality"
"98",33931,220,"SWE","Sweden",11,"Orebro",98,"Lindesberg","","","Kommuner","Municipality"
"99",33932,220,"SWE","Sweden",11,"Orebro",99,"Ljusnarsberg","","","Kommuner","Municipality"
"100",33933,220,"SWE","Sweden",11,"Orebro",100,"Nora","","","Kommuner","Municipality"
"101",33934,220,"SWE","Sweden",11,"Orebro",101,"Örebro","","","Kommuner","Municipality"
"102",33935,220,"SWE","Sweden",12,"Östergötland",102,"Åtvidaberg","","","Kommuner","Municipality"
"103",33936,220,"SWE","Sweden",12,"Östergötland",103,"Boxholm","","","Kommuner","Municipality"
"104",33937,220,"SWE","Sweden",12,"Östergötland",104,"Finspång","","","Kommuner","Municipality"
"105",33938,220,"SWE","Sweden",12,"Östergötland",105,"Kinda","","","Kommuner","Municipality"
"106",33939,220,"SWE","Sweden",12,"Östergötland",106,"Linköping","","","Kommuner","Municipality"
"107",33940,220,"SWE","Sweden",12,"Östergötland",107,"Mjölby","","","Kommuner","Municipality"
"108",33941,220,"SWE","Sweden",12,"Östergötland",108,"Motala","","","Kommuner","Municipality"
"109",33942,220,"SWE","Sweden",12,"Östergötland",109,"Norrköping","","","Kommuner","Municipality"
"110",33943,220,"SWE","Sweden",12,"Östergötland",110,"Ödeshög","","","Kommuner","Municipality"
"111",33944,220,"SWE","Sweden",12,"Östergötland",111,"Söderköping","","","Kommuner","Municipality"
"112",33945,220,"SWE","Sweden",12,"Östergötland",112,"Vadstena","","","Kommuner","Municipality"
"113",33946,220,"SWE","Sweden",12,"Östergötland",113,"Valdemarsvik","","","Kommuner","Municipality"
"114",33947,220,"SWE","Sweden",12,"Östergötland",114,"Ydre","","","Kommuner","Municipality"
"115",33948,220,"SWE","Sweden",13,"Skåne",115,"Ängelholm","","","Kommuner","Municipality"
"116",33949,220,"SWE","Sweden",13,"Skåne",116,"Åstorp","","","Kommuner","Municipality"
"117",33950,220,"SWE","Sweden",13,"Skåne",117,"Båstad","","","Kommuner","Municipality"
"118",33951,220,"SWE","Sweden",13,"Skåne",118,"Bjuv","","","Kommuner","Municipality"
"119",33952,220,"SWE","Sweden",13,"Skåne",119,"Bromölla","","","Kommuner","Municipality"
"120",33953,220,"SWE","Sweden",13,"Skåne",120,"Burlöv","","","Kommuner","Municipality"
"121",33954,220,"SWE","Sweden",13,"Skåne",121,"Eslöv","","","Kommuner","Municipality"
"122",33955,220,"SWE","Sweden",13,"Skåne",122,"Hässleholm","","","Kommuner","Municipality"
"123",33956,220,"SWE","Sweden",13,"Skåne",123,"Helsingborg","","","Kommuner","Municipality"
"124",33957,220,"SWE","Sweden",13,"Skåne",124,"Höganäs","","","Kommuner","Municipality"
"125",33958,220,"SWE","Sweden",13,"Skåne",125,"Höör","","","Kommuner","Municipality"
"126",33959,220,"SWE","Sweden",13,"Skåne",126,"Hörby","","","Kommuner","Municipality"
"127",33960,220,"SWE","Sweden",13,"Skåne",127,"Kävlinge","","","Kommuner","Municipality"
"128",33961,220,"SWE","Sweden",13,"Skåne",128,"Klippan","","","Kommuner","Municipality"
"129",33962,220,"SWE","Sweden",13,"Skåne",129,"Kristianstad","","","Kommuner","Municipality"
"130",33963,220,"SWE","Sweden",13,"Skåne",130,"Landskrona","","","Kommuner","Municipality"
"131",33964,220,"SWE","Sweden",13,"Skåne",131,"Lomma","","","Kommuner","Municipality"
"132",33965,220,"SWE","Sweden",13,"Skåne",132,"Lund","","","Kommuner","Municipality"
"133",33966,220,"SWE","Sweden",13,"Skåne",133,"Malmö","","","Kommuner","Municipality"
"134",33967,220,"SWE","Sweden",13,"Skåne",134,"Örkelljunga","","","Kommuner","Municipality"
"135",33968,220,"SWE","Sweden",13,"Skåne",135,"Osby","","","Kommuner","Municipality"
"136",33969,220,"SWE","Sweden",13,"Skåne",136,"Östra Göinge","","","Kommuner","Municipality"
"137",33970,220,"SWE","Sweden",13,"Skåne",137,"Perstorp","","","Kommuner","Municipality"
"138",33971,220,"SWE","Sweden",13,"Skåne",138,"Simrishamn","","","Kommuner","Municipality"
"139",33972,220,"SWE","Sweden",13,"Skåne",139,"Sjöbo","","","Kommuner","Municipality"
"140",33973,220,"SWE","Sweden",13,"Skåne",140,"Skurup","","","Kommuner","Municipality"
"141",33974,220,"SWE","Sweden",13,"Skåne",141,"Staffanstorp","","","Kommuner","Municipality"
"142",33975,220,"SWE","Sweden",13,"Skåne",142,"Svalöv","","","Kommuner","Municipality"
"143",33976,220,"SWE","Sweden",13,"Skåne",143,"Svedala","","","Kommuner","Municipality"
"144",33977,220,"SWE","Sweden",13,"Skåne",144,"Tomelilla","","","Kommuner","Municipality"
"145",33978,220,"SWE","Sweden",13,"Skåne",145,"Trelleborg","","","Kommuner","Municipality"
"146",33979,220,"SWE","Sweden",13,"Skåne",146,"Vellinge","","","Kommuner","Municipality"
"147",33980,220,"SWE","Sweden",13,"Skåne",147,"Ystad","","","Kommuner","Municipality"
"148",33981,220,"SWE","Sweden",14,"Södermanland",148,"Eskilstuna","","","Kommuner","Municipality"
"149",33982,220,"SWE","Sweden",14,"Södermanland",149,"Flen","","","Kommuner","Municipality"
"150",33983,220,"SWE","Sweden",14,"Södermanland",150,"Gnesta","","","Kommuner","Municipality"
"151",33984,220,"SWE","Sweden",14,"Södermanland",151,"Katrineholm","","","Kommuner","Municipality"
"152",33985,220,"SWE","Sweden",14,"Södermanland",152,"Nyköping","","","Kommuner","Municipality"
"153",33986,220,"SWE","Sweden",14,"Södermanland",153,"Oxelösund","","","Kommuner","Municipality"
"154",33987,220,"SWE","Sweden",14,"Södermanland",154,"Strängnäs","","","Kommuner","Municipality"
"155",33988,220,"SWE","Sweden",14,"Södermanland",155,"Trosa","","","Kommuner","Municipality"
"156",33989,220,"SWE","Sweden",14,"Södermanland",156,"Vingåker","","","Kommuner","Municipality"
"157",33990,220,"SWE","Sweden",15,"Stockholm",157,"Botkyrka","","","Kommuner","Municipality"
"158",33991,220,"SWE","Sweden",15,"Stockholm",158,"Danderyd","","","Kommuner","Municipality"
"159",33992,220,"SWE","Sweden",15,"Stockholm",159,"Ekerö","","","Kommuner","Municipality"
"160",33993,220,"SWE","Sweden",15,"Stockholm",160,"Haninge","","","Kommuner","Municipality"
"161",33994,220,"SWE","Sweden",15,"Stockholm",161,"Huddinge","","","Kommuner","Municipality"
"162",33995,220,"SWE","Sweden",15,"Stockholm",162,"Järfälla","","","Kommuner","Municipality"
"163",33996,220,"SWE","Sweden",15,"Stockholm",163,"Lidingö","","","Kommuner","Municipality"
"164",33997,220,"SWE","Sweden",15,"Stockholm",164,"Nacka","","","Kommuner","Municipality"
"165",33998,220,"SWE","Sweden",15,"Stockholm",165,"Norrtälje","","","Kommuner","Municipality"
"166",33999,220,"SWE","Sweden",15,"Stockholm",166,"Nynäshamn","","","Kommuner","Municipality"
"167",34000,220,"SWE","Sweden",15,"Stockholm",167,"Österåker","","","Kommuner","Municipality"
"168",34001,220,"SWE","Sweden",15,"Stockholm",168,"Salem","","","Kommuner","Municipality"
"169",34002,220,"SWE","Sweden",15,"Stockholm",169,"Sigtuna","","","Kommuner","Municipality"
"170",34003,220,"SWE","Sweden",15,"Stockholm",170,"Södertälje","","","Kommuner","Municipality"
"171",34004,220,"SWE","Sweden",15,"Stockholm",171,"Sollentuna","","","Kommuner","Municipality"
"172",34005,220,"SWE","Sweden",15,"Stockholm",172,"Solna","","","Kommuner","Municipality"
"173",34006,220,"SWE","Sweden",15,"Stockholm",173,"Stockholm","","","Kommuner","Municipality"
"174",34007,220,"SWE","Sweden",15,"Stockholm",174,"Sundbyberg","","","Kommuner","Municipality"
"175",34008,220,"SWE","Sweden",15,"Stockholm",175,"Täby","","","Kommuner","Municipality"
"176",34009,220,"SWE","Sweden",15,"Stockholm",176,"Tyresö","","","Kommuner","Municipality"
"177",34010,220,"SWE","Sweden",15,"Stockholm",177,"Upplands-Bro","","","Kommuner","Municipality"
"178",34011,220,"SWE","Sweden",15,"Stockholm",178,"Upplands-Väsby","","","Kommuner","Municipality"
"179",34012,220,"SWE","Sweden",15,"Stockholm",179,"Vallentuna","","","Kommuner","Municipality"
"180",34013,220,"SWE","Sweden",15,"Stockholm",180,"Värmdö","","","Kommuner","Municipality"
"181",34014,220,"SWE","Sweden",15,"Stockholm",181,"Vaxholm","","","Kommuner","Municipality"
"182",34015,220,"SWE","Sweden",16,"Uppsala",182,"Älvkarleby","","","Kommuner","Municipality"
"183",34016,220,"SWE","Sweden",16,"Uppsala",183,"Enköping","","","Kommuner","Municipality"
"184",34017,220,"SWE","Sweden",16,"Uppsala",184,"Håbo","","","Kommuner","Municipality"
"185",34018,220,"SWE","Sweden",16,"Uppsala",185,"Östhammar","","","Kommuner","Municipality"
"186",34019,220,"SWE","Sweden",16,"Uppsala",186,"Tierp","","","Kommuner","Municipality"
"187",34020,220,"SWE","Sweden",16,"Uppsala",187,"Uppsala","","","Kommuner","Municipality"
"188",34021,220,"SWE","Sweden",17,"Värmland",188,"Årjäng","","","Kommuner","Municipality"
"189",34022,220,"SWE","Sweden",17,"Värmland",189,"Arvika","","","Kommuner","Municipality"
"190",34023,220,"SWE","Sweden",17,"Värmland",190,"Eda","","","Kommuner","Municipality"
"191",34024,220,"SWE","Sweden",17,"Värmland",191,"Filipstad","","","Kommuner","Municipality"
"192",34025,220,"SWE","Sweden",17,"Värmland",192,"Forshaga","","","Kommuner","Municipality"
"193",34026,220,"SWE","Sweden",17,"Värmland",193,"Grums","","","Kommuner","Municipality"
"194",34027,220,"SWE","Sweden",17,"Värmland",194,"Hagfors","","","Kommuner","Municipality"
"195",34028,220,"SWE","Sweden",17,"Värmland",195,"Hammarö","","","Kommuner","Municipality"
"196",34029,220,"SWE","Sweden",17,"Värmland",196,"Karlstad","","","Kommuner","Municipality"
"197",34030,220,"SWE","Sweden",17,"Värmland",197,"Kil","","","Kommuner","Municipality"
"198",34031,220,"SWE","Sweden",17,"Värmland",198,"Kristinehamn","","","Kommuner","Municipality"
"199",34032,220,"SWE","Sweden",17,"Värmland",199,"Munkfors","","","Kommuner","Municipality"
"200",34033,220,"SWE","Sweden",17,"Värmland",200,"Säffle","","","Kommuner","Municipality"
"201",34034,220,"SWE","Sweden",17,"Värmland",201,"Storfors","","","Kommuner","Municipality"
"202",34035,220,"SWE","Sweden",17,"Värmland",202,"Sunne","","","Kommuner","Municipality"
"203",34036,220,"SWE","Sweden",17,"Värmland",203,"Torsby","","","Kommuner","Municipality"
"204",34037,220,"SWE","Sweden",18,"Västerbotten",204,"Åsele","","","Kommuner","Municipality"
"205",34038,220,"SWE","Sweden",18,"Västerbotten",205,"Bjurholm","","","Kommuner","Municipality"
"206",34039,220,"SWE","Sweden",18,"Västerbotten",206,"Dorotea","","","Kommuner","Municipality"
"207",34040,220,"SWE","Sweden",18,"Västerbotten",207,"Lycksele","","","Kommuner","Municipality"
"208",34041,220,"SWE","Sweden",18,"Västerbotten",208,"Malå","","","Kommuner","Municipality"
"209",34042,220,"SWE","Sweden",18,"Västerbotten",209,"Nordmaling","","","Kommuner","Municipality"
"210",34043,220,"SWE","Sweden",18,"Västerbotten",210,"Norsjö","","","Kommuner","Municipality"
"211",34044,220,"SWE","Sweden",18,"Västerbotten",211,"Robertsfors","","","Kommuner","Municipality"
"212",34045,220,"SWE","Sweden",18,"Västerbotten",212,"Skellefteå","","","Kommuner","Municipality"
"213",34046,220,"SWE","Sweden",18,"Västerbotten",213,"Sorsele","","","Kommuner","Municipality"
"214",34047,220,"SWE","Sweden",18,"Västerbotten",214,"Storuman","","","Kommuner","Municipality"
"215",34048,220,"SWE","Sweden",18,"Västerbotten",215,"Umeå","","","Kommuner","Municipality"
"216",34049,220,"SWE","Sweden",18,"Västerbotten",216,"Vännäs","","","Kommuner","Municipality"
"217",34050,220,"SWE","Sweden",18,"Västerbotten",217,"Vilhelmina","","","Kommuner","Municipality"
"218",34051,220,"SWE","Sweden",18,"Västerbotten",218,"Vindeln","","","Kommuner","Municipality"
"219",34052,220,"SWE","Sweden",19,"Västernorrland",219,"Ånge","","","Kommuner","Municipality"
"220",34053,220,"SWE","Sweden",19,"Västernorrland",220,"Härnösand","","","Kommuner","Municipality"
"221",34054,220,"SWE","Sweden",19,"Västernorrland",221,"Kramfors","","","Kommuner","Municipality"
"222",34055,220,"SWE","Sweden",19,"Västernorrland",222,"Örnsköldsvik","","","Kommuner","Municipality"
"223",34056,220,"SWE","Sweden",19,"Västernorrland",223,"Sollefteå","","","Kommuner","Municipality"
"224",34057,220,"SWE","Sweden",19,"Västernorrland",224,"Sundsvall","","","Kommuner","Municipality"
"225",34058,220,"SWE","Sweden",19,"Västernorrland",225,"Timrå","","","Kommuner","Municipality"
"226",34059,220,"SWE","Sweden",20,"Västmanland",226,"Arboga","","","Kommuner","Municipality"
"227",34060,220,"SWE","Sweden",20,"Västmanland",227,"Fagersta","","","Kommuner","Municipality"
"228",34061,220,"SWE","Sweden",20,"Västmanland",228,"Hallstahammar","","","Kommuner","Municipality"
"229",34062,220,"SWE","Sweden",20,"Västmanland",229,"Heby","","","Kommuner","Municipality"
"230",34063,220,"SWE","Sweden",20,"Västmanland",230,"Köping","","","Kommuner","Municipality"
"231",34064,220,"SWE","Sweden",20,"Västmanland",231,"Kungsör","","","Kommuner","Municipality"
"232",34065,220,"SWE","Sweden",20,"Västmanland",232,"Norberg","","","Kommuner","Municipality"
"233",34066,220,"SWE","Sweden",20,"Västmanland",233,"Sala","","","Kommuner","Municipality"
"234",34067,220,"SWE","Sweden",20,"Västmanland",234,"Skinnskatteberg","","","Kommuner","Municipality"
"235",34068,220,"SWE","Sweden",20,"Västmanland",235,"Surahammar","","","Kommuner","Municipality"
"236",34069,220,"SWE","Sweden",20,"Västmanland",236,"Västerås","","","Kommuner","Municipality"
"237",34070,220,"SWE","Sweden",21,"Västra Götaland",237,"Ale","","","Kommuner","Municipality"
"238",34071,220,"SWE","Sweden",21,"Västra Götaland",238,"Alingsås","","","Kommuner","Municipality"
"239",34072,220,"SWE","Sweden",21,"Västra Götaland",239,"Åmål","","","Kommuner","Municipality"
"240",34073,220,"SWE","Sweden",21,"Västra Götaland",240,"Bengtsfors","","","Kommuner","Municipality"
"241",34074,220,"SWE","Sweden",21,"Västra Götaland",241,"Borås","","","Kommuner","Municipality"
"242",34075,220,"SWE","Sweden",21,"Västra Götaland",242,"Dals-Ed","","","Kommuner","Municipality"
"243",34076,220,"SWE","Sweden",21,"Västra Götaland",243,"Essunga","","","Kommuner","Municipality"
"244",34077,220,"SWE","Sweden",21,"Västra Götaland",244,"Falköping","","","Kommuner","Municipality"
"245",34078,220,"SWE","Sweden",21,"Västra Götaland",245,"Färgelanda","","","Kommuner","Municipality"
"246",34079,220,"SWE","Sweden",21,"Västra Götaland",246,"Göteborg","","","Kommuner","Municipality"
"247",34080,220,"SWE","Sweden",21,"Västra Götaland",247,"Götene","","","Kommuner","Municipality"
"248",34081,220,"SWE","Sweden",21,"Västra Götaland",248,"Grästorp","","","Kommuner","Municipality"
"249",34082,220,"SWE","Sweden",21,"Västra Götaland",249,"Gullspång","","","Kommuner","Municipality"
"250",34083,220,"SWE","Sweden",21,"Västra Götaland",250,"Habo","","","Kommuner","Municipality"
"251",34084,220,"SWE","Sweden",21,"Västra Götaland",251,"Härryda","","","Kommuner","Municipality"
"252",34085,220,"SWE","Sweden",21,"Västra Götaland",252,"Herrljunga","","","Kommuner","Municipality"
"253",34086,220,"SWE","Sweden",21,"Västra Götaland",253,"Hjo","","","Kommuner","Municipality"
"254",34087,220,"SWE","Sweden",21,"Västra Götaland",254,"Karlsborg","","","Kommuner","Municipality"
"255",34088,220,"SWE","Sweden",21,"Västra Götaland",255,"Kungälv","","","Kommuner","Municipality"
"256",34089,220,"SWE","Sweden",21,"Västra Götaland",256,"Lerum","","","Kommuner","Municipality"
"257",34090,220,"SWE","Sweden",21,"Västra Götaland",257,"Lidköping","","","Kommuner","Municipality"
"258",34091,220,"SWE","Sweden",21,"Västra Götaland",258,"Lilla Edet","","","Kommuner","Municipality"
"259",34092,220,"SWE","Sweden",21,"Västra Götaland",259,"Lysekil","","","Kommuner","Municipality"
"260",34093,220,"SWE","Sweden",21,"Västra Götaland",260,"Mariestad","","","Kommuner","Municipality"
"261",34094,220,"SWE","Sweden",21,"Västra Götaland",261,"Mark","","","Kommuner","Municipality"
"262",34095,220,"SWE","Sweden",21,"Västra Götaland",262,"Mellerud","","","Kommuner","Municipality"
"263",34096,220,"SWE","Sweden",21,"Västra Götaland",263,"Mölndal","","","Kommuner","Municipality"
"264",34097,220,"SWE","Sweden",21,"Västra Götaland",264,"Mullsjoe","","Mullsjö","Kommuner","Municipality"
"265",34098,220,"SWE","Sweden",21,"Västra Götaland",265,"Munkedal","","","Kommuner","Municipality"
"266",34099,220,"SWE","Sweden",21,"Västra Götaland",266,"Öckerö","","","Kommuner","Municipality"
"267",34100,220,"SWE","Sweden",21,"Västra Götaland",267,"Orust","","","Kommuner","Municipality"
"268",34101,220,"SWE","Sweden",21,"Västra Götaland",268,"Partille","","","Kommuner","Municipality"
"269",34102,220,"SWE","Sweden",21,"Västra Götaland",269,"Skara","","","Kommuner","Municipality"
"270",34103,220,"SWE","Sweden",21,"Västra Götaland",270,"Skövde","","","Kommuner","Municipality"
"271",34104,220,"SWE","Sweden",21,"Västra Götaland",271,"Sotenäs","","","Kommuner","Municipality"
"272",34105,220,"SWE","Sweden",21,"Västra Götaland",272,"Stenungsund","","","Kommuner","Municipality"
"273",34106,220,"SWE","Sweden",21,"Västra Götaland",273,"Strömstad","","","Kommuner","Municipality"
"274",34107,220,"SWE","Sweden",21,"Västra Götaland",274,"Svenljunga","","","Kommuner","Municipality"
"275",34108,220,"SWE","Sweden",21,"Västra Götaland",275,"Tanum","","","Kommuner","Municipality"
"276",34109,220,"SWE","Sweden",21,"Västra Götaland",276,"Tibro","","","Kommuner","Municipality"
"277",34110,220,"SWE","Sweden",21,"Västra Götaland",277,"Tidaholm","","","Kommuner","Municipality"
"278",34111,220,"SWE","Sweden",21,"Västra Götaland",278,"Tjörn","","","Kommuner","Municipality"
"279",34112,220,"SWE","Sweden",21,"Västra Götaland",279,"Töreboda","","","Kommuner","Municipality"
"280",34113,220,"SWE","Sweden",21,"Västra Götaland",280,"Tranemo","","","Kommuner","Municipality"
"281",34114,220,"SWE","Sweden",21,"Västra Götaland",281,"Trollhättan","","","Kommuner","Municipality"
"282",34115,220,"SWE","Sweden",21,"Västra Götaland",282,"Uddevalla","","","Kommuner","Municipality"
"283",34116,220,"SWE","Sweden",21,"Västra Götaland",283,"Ulricehamn","","","Kommuner","Municipality"
"284",34117,220,"SWE","Sweden",21,"Västra Götaland",284,"Vänersborg","","","Kommuner","Municipality"
"285",34118,220,"SWE","Sweden",21,"Västra Götaland",285,"Vara","","","Kommuner","Municipality"
"286",34119,220,"SWE","Sweden",21,"Västra Götaland",286,"Vårgårda","","","Kommuner","Municipality"
